<?xml version="1.0" encoding="UTF-8"?>
<export version="E">
  <design>
    <source>C:\Users\knife\Desktop\Lab\Lab 4\Hardware\blindspot_pcb_rev1\blindspot_pcb_rev1.kicad_sch</source>
    <date>3/4/2023 5:50:59 PM</date>
    <tool>Eeschema (6.0.10)</tool>
    <sheet number="1" name="/" tstamps="/">
      <title_block>
        <title>Blindspot PCB</title>
        <company>Texas Tech University</company>
        <rev>0</rev>
        <date>02/07/2023</date>
        <source>blindspot_pcb_rev1.kicad_sch</source>
        <comment number="1" value=""/>
        <comment number="2" value=""/>
        <comment number="3" value=""/>
        <comment number="4" value=""/>
        <comment number="5" value=""/>
        <comment number="6" value=""/>
        <comment number="7" value=""/>
        <comment number="8" value=""/>
        <comment number="9" value=""/>
      </title_block>
    </sheet>
  </design>
  <components>
    <comp ref="C1">
      <value>47u</value>
      <footprint>Capacitor_SMD:C_1210_3225Metric_Pad1.33x2.70mm_HandSolder</footprint>
      <libsource lib="Device" part="C_Small" description="Unpolarized capacitor, small symbol"/>
      <property name="Sheetname" value=""/>
      <property name="Sheetfile" value="blindspot_pcb_rev1.kicad_sch"/>
      <sheetpath names="/" tstamps="/"/>
      <tstamps>42d3da89-81ce-4336-90c7-0d6354f3dc47</tstamps>
    </comp>
    <comp ref="C2">
      <value>47u</value>
      <footprint>Capacitor_SMD:C_1210_3225Metric_Pad1.33x2.70mm_HandSolder</footprint>
      <libsource lib="Device" part="C_Small" description="Unpolarized capacitor, small symbol"/>
      <property name="Sheetname" value=""/>
      <property name="Sheetfile" value="blindspot_pcb_rev1.kicad_sch"/>
      <sheetpath names="/" tstamps="/"/>
      <tstamps>d22c6342-4f77-4411-a419-9948409fdfbb</tstamps>
    </comp>
    <comp ref="C3">
      <value>10u</value>
      <footprint>Capacitor_SMD:C_0805_2012Metric_Pad1.18x1.45mm_HandSolder</footprint>
      <libsource lib="Device" part="C_Small" description="Unpolarized capacitor, small symbol"/>
      <property name="Sheetname" value=""/>
      <property name="Sheetfile" value="blindspot_pcb_rev1.kicad_sch"/>
      <sheetpath names="/" tstamps="/"/>
      <tstamps>5b662258-1d58-473e-a639-ee502facfe69</tstamps>
    </comp>
    <comp ref="C4">
      <value>10u</value>
      <footprint>Capacitor_SMD:C_0805_2012Metric_Pad1.18x1.45mm_HandSolder</footprint>
      <libsource lib="Device" part="C_Small" description="Unpolarized capacitor, small symbol"/>
      <property name="Sheetname" value=""/>
      <property name="Sheetfile" value="blindspot_pcb_rev1.kicad_sch"/>
      <sheetpath names="/" tstamps="/"/>
      <tstamps>dfd4c668-f0b7-4399-bc0e-b10c3c83c5f1</tstamps>
    </comp>
    <comp ref="C5">
      <value>10u</value>
      <footprint>Capacitor_SMD:C_0805_2012Metric_Pad1.18x1.45mm_HandSolder</footprint>
      <libsource lib="Device" part="C_Small" description="Unpolarized capacitor, small symbol"/>
      <property name="Sheetname" value=""/>
      <property name="Sheetfile" value="blindspot_pcb_rev1.kicad_sch"/>
      <sheetpath names="/" tstamps="/"/>
      <tstamps>764ba476-f03d-4851-84ac-3a1df0ef29f2</tstamps>
    </comp>
    <comp ref="H1">
      <value>MountingHole</value>
      <footprint>MountingHole:MountingHole_2.7mm</footprint>
      <libsource lib="Mechanical" part="MountingHole" description="Mounting Hole without connection"/>
      <property name="Sheetname" value=""/>
      <property name="Sheetfile" value="blindspot_pcb_rev1.kicad_sch"/>
      <sheetpath names="/" tstamps="/"/>
      <tstamps>efbc881a-3862-4ee9-8891-43ba19617565</tstamps>
    </comp>
    <comp ref="H2">
      <value>MountingHole</value>
      <footprint>MountingHole:MountingHole_2.7mm</footprint>
      <libsource lib="Mechanical" part="MountingHole" description="Mounting Hole without connection"/>
      <property name="Sheetname" value=""/>
      <property name="Sheetfile" value="blindspot_pcb_rev1.kicad_sch"/>
      <sheetpath names="/" tstamps="/"/>
      <tstamps>a8e74194-134e-4972-997a-f3dcd9b3747b</tstamps>
    </comp>
    <comp ref="H3">
      <value>MountingHole</value>
      <footprint>MountingHole:MountingHole_2.7mm</footprint>
      <libsource lib="Mechanical" part="MountingHole" description="Mounting Hole without connection"/>
      <property name="Sheetname" value=""/>
      <property name="Sheetfile" value="blindspot_pcb_rev1.kicad_sch"/>
      <sheetpath names="/" tstamps="/"/>
      <tstamps>6713a94f-df6f-4a1e-a5a3-1e4bd64a5cf3</tstamps>
    </comp>
    <comp ref="H4">
      <value>MountingHole</value>
      <footprint>MountingHole:MountingHole_2.7mm</footprint>
      <libsource lib="Mechanical" part="MountingHole" description="Mounting Hole without connection"/>
      <property name="Sheetname" value=""/>
      <property name="Sheetfile" value="blindspot_pcb_rev1.kicad_sch"/>
      <sheetpath names="/" tstamps="/"/>
      <tstamps>ad66be8a-0d79-45fc-861d-9b47e70c2cc3</tstamps>
    </comp>
    <comp ref="J1">
      <value>Conn_01x02_Female</value>
      <footprint>Connector_PinSocket_2.54mm:PinSocket_1x02_P2.54mm_Vertical</footprint>
      <libsource lib="Connector" part="Conn_01x02_Female" description="Generic connector, single row, 01x02, script generated (kicad-library-utils/schlib/autogen/connector/)"/>
      <property name="Sheetname" value=""/>
      <property name="Sheetfile" value="blindspot_pcb_rev1.kicad_sch"/>
      <sheetpath names="/" tstamps="/"/>
      <tstamps>4de6462a-f77f-4f8c-945d-ed330109defd</tstamps>
    </comp>
    <comp ref="J2">
      <value>Conn_01x02_Female</value>
      <footprint>Connector_PinSocket_2.54mm:PinSocket_1x02_P2.54mm_Vertical</footprint>
      <libsource lib="Connector" part="Conn_01x02_Female" description="Generic connector, single row, 01x02, script generated (kicad-library-utils/schlib/autogen/connector/)"/>
      <property name="Sheetname" value=""/>
      <property name="Sheetfile" value="blindspot_pcb_rev1.kicad_sch"/>
      <sheetpath names="/" tstamps="/"/>
      <tstamps>a34e14fc-d243-47f0-acf7-7a30e58d59d1</tstamps>
    </comp>
    <comp ref="J3">
      <value>Conn_01x02_Female</value>
      <footprint>Connector_PinSocket_2.54mm:PinSocket_1x02_P2.54mm_Vertical</footprint>
      <libsource lib="Connector" part="Conn_01x02_Female" description="Generic connector, single row, 01x02, script generated (kicad-library-utils/schlib/autogen/connector/)"/>
      <property name="Sheetname" value=""/>
      <property name="Sheetfile" value="blindspot_pcb_rev1.kicad_sch"/>
      <sheetpath names="/" tstamps="/"/>
      <tstamps>c20eb129-d657-4cd9-8706-363c80b192fb</tstamps>
    </comp>
    <comp ref="J4">
      <value>Conn_01x20</value>
      <footprint>Connector_PinSocket_2.54mm:PinSocket_1x20_P2.54mm_Vertical</footprint>
      <libsource lib="Connector_Generic" part="Conn_01x20" description="Generic connector, single row, 01x20, script generated (kicad-library-utils/schlib/autogen/connector/)"/>
      <property name="Sheetname" value=""/>
      <property name="Sheetfile" value="blindspot_pcb_rev1.kicad_sch"/>
      <sheetpath names="/" tstamps="/"/>
      <tstamps>3cd33ac0-c8a1-4065-a2c2-653316e6284a</tstamps>
    </comp>
    <comp ref="J5">
      <value>Conn_01x10</value>
      <footprint>Connector_PinSocket_2.54mm:PinSocket_1x10_P2.54mm_Vertical</footprint>
      <libsource lib="Connector_Generic" part="Conn_01x10" description="Generic connector, single row, 01x10, script generated (kicad-library-utils/schlib/autogen/connector/)"/>
      <property name="Sheetname" value=""/>
      <property name="Sheetfile" value="blindspot_pcb_rev1.kicad_sch"/>
      <sheetpath names="/" tstamps="/"/>
      <tstamps>d6ba0f77-4bed-4bb6-9121-336bd3cb39b0</tstamps>
    </comp>
    <comp ref="R1">
      <value>2.2k</value>
      <footprint>Resistor_SMD:R_0805_2012Metric_Pad1.20x1.40mm_HandSolder</footprint>
      <libsource lib="Device" part="R_Small_US" description="Resistor, small US symbol"/>
      <property name="Sheetname" value=""/>
      <property name="Sheetfile" value="blindspot_pcb_rev1.kicad_sch"/>
      <sheetpath names="/" tstamps="/"/>
      <tstamps>9836a67a-fb72-4e82-929d-ccc10ae8862d</tstamps>
    </comp>
    <comp ref="R2">
      <value>2.2k</value>
      <footprint>Resistor_SMD:R_0805_2012Metric_Pad1.20x1.40mm_HandSolder</footprint>
      <libsource lib="Device" part="R_Small_US" description="Resistor, small US symbol"/>
      <property name="Sheetname" value=""/>
      <property name="Sheetfile" value="blindspot_pcb_rev1.kicad_sch"/>
      <sheetpath names="/" tstamps="/"/>
      <tstamps>fc3a0bf0-181d-4396-9dc0-2bbdcd5a8d9c</tstamps>
    </comp>
    <comp ref="U1">
      <value>Pico</value>
      <footprint>MCU_RaspberryPi_and_Boards:RPi_Pico_SMD_TH</footprint>
      <libsource lib="MCU_RaspberryPi_and_Boards" part="Pico" description=""/>
      <property name="Sheetname" value=""/>
      <property name="Sheetfile" value="blindspot_pcb_rev1.kicad_sch"/>
      <sheetpath names="/" tstamps="/"/>
      <tstamps>c2141692-dc68-465f-8029-58a655d2939f</tstamps>
    </comp>
  </components>
  <libparts>
    <libpart lib="Connector" part="Conn_01x02_Female">
      <description>Generic connector, single row, 01x02, script generated (kicad-library-utils/schlib/autogen/connector/)</description>
      <docs>~</docs>
      <footprints>
        <fp>Connector*:*_1x??_*</fp>
      </footprints>
      <fields>
        <field name="Reference">J</field>
        <field name="Value">Conn_01x02_Female</field>
        <field name="Datasheet">~</field>
      </fields>
      <pins>
        <pin num="1" name="Pin_1" type="passive"/>
        <pin num="2" name="Pin_2" type="passive"/>
      </pins>
    </libpart>
    <libpart lib="Connector_Generic" part="Conn_01x10">
      <description>Generic connector, single row, 01x10, script generated (kicad-library-utils/schlib/autogen/connector/)</description>
      <docs>~</docs>
      <footprints>
        <fp>Connector*:*_1x??_*</fp>
      </footprints>
      <fields>
        <field name="Reference">J</field>
        <field name="Value">Conn_01x10</field>
        <field name="Datasheet">~</field>
      </fields>
      <pins>
        <pin num="1" name="Pin_1" type="passive"/>
        <pin num="2" name="Pin_2" type="passive"/>
        <pin num="3" name="Pin_3" type="passive"/>
        <pin num="4" name="Pin_4" type="passive"/>
        <pin num="5" name="Pin_5" type="passive"/>
        <pin num="6" name="Pin_6" type="passive"/>
        <pin num="7" name="Pin_7" type="passive"/>
        <pin num="8" name="Pin_8" type="passive"/>
        <pin num="9" name="Pin_9" type="passive"/>
        <pin num="10" name="Pin_10" type="passive"/>
      </pins>
    </libpart>
    <libpart lib="Connector_Generic" part="Conn_01x20">
      <description>Generic connector, single row, 01x20, script generated (kicad-library-utils/schlib/autogen/connector/)</description>
      <docs>~</docs>
      <footprints>
        <fp>Connector*:*_1x??_*</fp>
      </footprints>
      <fields>
        <field name="Reference">J</field>
        <field name="Value">Conn_01x20</field>
        <field name="Datasheet">~</field>
      </fields>
      <pins>
        <pin num="1" name="Pin_1" type="passive"/>
        <pin num="2" name="Pin_2" type="passive"/>
        <pin num="3" name="Pin_3" type="passive"/>
        <pin num="4" name="Pin_4" type="passive"/>
        <pin num="5" name="Pin_5" type="passive"/>
        <pin num="6" name="Pin_6" type="passive"/>
        <pin num="7" name="Pin_7" type="passive"/>
        <pin num="8" name="Pin_8" type="passive"/>
        <pin num="9" name="Pin_9" type="passive"/>
        <pin num="10" name="Pin_10" type="passive"/>
        <pin num="11" name="Pin_11" type="passive"/>
        <pin num="12" name="Pin_12" type="passive"/>
        <pin num="13" name="Pin_13" type="passive"/>
        <pin num="14" name="Pin_14" type="passive"/>
        <pin num="15" name="Pin_15" type="passive"/>
        <pin num="16" name="Pin_16" type="passive"/>
        <pin num="17" name="Pin_17" type="passive"/>
        <pin num="18" name="Pin_18" type="passive"/>
        <pin num="19" name="Pin_19" type="passive"/>
        <pin num="20" name="Pin_20" type="passive"/>
      </pins>
    </libpart>
    <libpart lib="Device" part="C_Small">
      <description>Unpolarized capacitor, small symbol</description>
      <docs>~</docs>
      <footprints>
        <fp>C_*</fp>
      </footprints>
      <fields>
        <field name="Reference">C</field>
        <field name="Value">C_Small</field>
        <field name="Datasheet">~</field>
      </fields>
      <pins>
        <pin num="1" name="" type="passive"/>
        <pin num="2" name="" type="passive"/>
      </pins>
    </libpart>
    <libpart lib="Device" part="R_Small_US">
      <description>Resistor, small US symbol</description>
      <docs>~</docs>
      <footprints>
        <fp>R_*</fp>
      </footprints>
      <fields>
        <field name="Reference">R</field>
        <field name="Value">R_Small_US</field>
        <field name="Datasheet">~</field>
      </fields>
      <pins>
        <pin num="1" name="" type="passive"/>
        <pin num="2" name="" type="passive"/>
      </pins>
    </libpart>
    <libpart lib="MCU_RaspberryPi_and_Boards" part="Pico">
      <fields>
        <field name="Reference">U</field>
        <field name="Value">Pico</field>
        <field name="Footprint">RPi_Pico:RPi_Pico_SMD_TH</field>
      </fields>
      <pins>
        <pin num="1" name="GPIO0" type="bidirectional"/>
        <pin num="2" name="GPIO1" type="bidirectional"/>
        <pin num="3" name="GND" type="power_in"/>
        <pin num="4" name="GPIO2" type="bidirectional"/>
        <pin num="5" name="GPIO3" type="bidirectional"/>
        <pin num="6" name="GPIO4" type="bidirectional"/>
        <pin num="7" name="GPIO5" type="bidirectional"/>
        <pin num="8" name="GND" type="power_in"/>
        <pin num="9" name="GPIO6" type="bidirectional"/>
        <pin num="10" name="GPIO7" type="bidirectional"/>
        <pin num="11" name="GPIO8" type="bidirectional"/>
        <pin num="12" name="GPIO9" type="bidirectional"/>
        <pin num="13" name="GND" type="power_in"/>
        <pin num="14" name="GPIO10" type="bidirectional"/>
        <pin num="15" name="GPIO11" type="bidirectional"/>
        <pin num="16" name="GPIO12" type="bidirectional"/>
        <pin num="17" name="GPIO13" type="bidirectional"/>
        <pin num="18" name="GND" type="power_in"/>
        <pin num="19" name="GPIO14" type="bidirectional"/>
        <pin num="20" name="GPIO15" type="bidirectional"/>
        <pin num="21" name="GPIO16" type="bidirectional"/>
        <pin num="22" name="GPIO17" type="bidirectional"/>
        <pin num="23" name="GND" type="power_in"/>
        <pin num="24" name="GPIO18" type="bidirectional"/>
        <pin num="25" name="GPIO19" type="bidirectional"/>
        <pin num="26" name="GPIO20" type="bidirectional"/>
        <pin num="27" name="GPIO21" type="bidirectional"/>
        <pin num="28" name="GND" type="power_in"/>
        <pin num="29" name="GPIO22" type="bidirectional"/>
        <pin num="30" name="RUN" type="input"/>
        <pin num="31" name="GPIO26_ADC0" type="bidirectional"/>
        <pin num="32" name="GPIO27_ADC1" type="bidirectional"/>
        <pin num="33" name="AGND" type="power_in"/>
        <pin num="34" name="GPIO28_ADC2" type="bidirectional"/>
        <pin num="35" name="ADC_VREF" type="power_in"/>
        <pin num="36" name="3V3" type="power_in"/>
        <pin num="37" name="3V3_EN" type="input"/>
        <pin num="38" name="GND" type="bidirectional"/>
        <pin num="39" name="VSYS" type="power_in"/>
        <pin num="40" name="VBUS" type="power_in"/>
        <pin num="41" name="SWCLK" type="input"/>
        <pin num="42" name="GND" type="power_in"/>
        <pin num="43" name="SWDIO" type="bidirectional"/>
      </pins>
    </libpart>
    <libpart lib="Mechanical" part="MountingHole">
      <description>Mounting Hole without connection</description>
      <docs>~</docs>
      <footprints>
        <fp>MountingHole*</fp>
      </footprints>
      <fields>
        <field name="Reference">H</field>
        <field name="Value">MountingHole</field>
        <field name="Datasheet">~</field>
      </fields>
    </libpart>
  </libparts>
  <libraries>
    <library logical="Connector">
      <uri>C:\Program Files\KiCad\6.0\share\kicad\symbols\/Connector.kicad_sym</uri>
    </library>
    <library logical="Connector_Generic">
      <uri>C:\Program Files\KiCad\6.0\share\kicad\symbols\/Connector_Generic.kicad_sym</uri>
    </library>
    <library logical="Device">
      <uri>C:\Program Files\KiCad\6.0\share\kicad\symbols\/Device.kicad_sym</uri>
    </library>
    <library logical="MCU_RaspberryPi_and_Boards">
      <uri>C:/Users/knife/Documents/KiCad/6.0/symbols/ncarandini KiCad-RP-Pico main RP-Pico%20Libraries/RP-Pico Libraries/MCU_RaspberryPi_and_Boards.kicad_sym</uri>
    </library>
    <library logical="Mechanical">
      <uri>C:\Program Files\KiCad\6.0\share\kicad\symbols\/Mechanical.kicad_sym</uri>
    </library>
  </libraries>
  <nets>
    <net code="1" name="+3V3">
      <node ref="C1" pin="1" pintype="passive"/>
      <node ref="C2" pin="1" pintype="passive"/>
      <node ref="J2" pin="2" pinfunction="Pin_2" pintype="passive"/>
      <node ref="J3" pin="2" pinfunction="Pin_2" pintype="passive"/>
      <node ref="J5" pin="3" pinfunction="Pin_3" pintype="passive"/>
      <node ref="R1" pin="1" pintype="passive"/>
      <node ref="R2" pin="1" pintype="passive"/>
      <node ref="U1" pin="36" pinfunction="3V3" pintype="power_in"/>
    </net>
    <net code="2" name="+5V">
      <node ref="C3" pin="1" pintype="passive"/>
      <node ref="C4" pin="1" pintype="passive"/>
      <node ref="C5" pin="1" pintype="passive"/>
      <node ref="J1" pin="2" pinfunction="Pin_2" pintype="passive"/>
      <node ref="U1" pin="39" pinfunction="VSYS" pintype="power_in"/>
    </net>
    <net code="3" name="/GPIO2">
      <node ref="J4" pin="17" pinfunction="Pin_17" pintype="passive"/>
      <node ref="U1" pin="4" pinfunction="GPIO2" pintype="bidirectional"/>
    </net>
    <net code="4" name="/GPIO3">
      <node ref="J4" pin="16" pinfunction="Pin_16" pintype="passive"/>
      <node ref="U1" pin="5" pinfunction="GPIO3" pintype="bidirectional"/>
    </net>
    <net code="5" name="/GPIO6">
      <node ref="J4" pin="12" pinfunction="Pin_12" pintype="passive"/>
      <node ref="U1" pin="9" pinfunction="GPIO6" pintype="bidirectional"/>
    </net>
    <net code="6" name="/GPIO7">
      <node ref="J4" pin="11" pinfunction="Pin_11" pintype="passive"/>
      <node ref="U1" pin="10" pinfunction="GPIO7" pintype="bidirectional"/>
    </net>
    <net code="7" name="/GPIO8">
      <node ref="J4" pin="10" pinfunction="Pin_10" pintype="passive"/>
      <node ref="U1" pin="11" pinfunction="GPIO8" pintype="bidirectional"/>
    </net>
    <net code="8" name="/GPIO9">
      <node ref="J4" pin="9" pinfunction="Pin_9" pintype="passive"/>
      <node ref="U1" pin="12" pinfunction="GPIO9" pintype="bidirectional"/>
    </net>
    <net code="9" name="/GPIO10">
      <node ref="J4" pin="7" pinfunction="Pin_7" pintype="passive"/>
      <node ref="U1" pin="14" pinfunction="GPIO10" pintype="bidirectional"/>
    </net>
    <net code="10" name="/GPIO11">
      <node ref="J4" pin="6" pinfunction="Pin_6" pintype="passive"/>
      <node ref="U1" pin="15" pinfunction="GPIO11" pintype="bidirectional"/>
    </net>
    <net code="11" name="/GPIO12">
      <node ref="J4" pin="5" pinfunction="Pin_5" pintype="passive"/>
      <node ref="U1" pin="16" pinfunction="GPIO12" pintype="bidirectional"/>
    </net>
    <net code="12" name="/GPIO13">
      <node ref="J4" pin="4" pinfunction="Pin_4" pintype="passive"/>
      <node ref="U1" pin="17" pinfunction="GPIO13" pintype="bidirectional"/>
    </net>
    <net code="13" name="/GPIO14">
      <node ref="J4" pin="2" pinfunction="Pin_2" pintype="passive"/>
      <node ref="U1" pin="19" pinfunction="GPIO14" pintype="bidirectional"/>
    </net>
    <net code="14" name="/GPIO15">
      <node ref="J4" pin="1" pinfunction="Pin_1" pintype="passive"/>
      <node ref="U1" pin="20" pinfunction="GPIO15" pintype="bidirectional"/>
    </net>
    <net code="15" name="/GPIO18">
      <node ref="J5" pin="9" pinfunction="Pin_9" pintype="passive"/>
      <node ref="U1" pin="24" pinfunction="GPIO18" pintype="bidirectional"/>
    </net>
    <net code="16" name="/GPIO19">
      <node ref="J5" pin="8" pinfunction="Pin_8" pintype="passive"/>
      <node ref="U1" pin="25" pinfunction="GPIO19" pintype="bidirectional"/>
    </net>
    <net code="17" name="/GPIO20">
      <node ref="J5" pin="7" pinfunction="Pin_7" pintype="passive"/>
      <node ref="U1" pin="26" pinfunction="GPIO20" pintype="bidirectional"/>
    </net>
    <net code="18" name="/GPIO21">
      <node ref="J5" pin="6" pinfunction="Pin_6" pintype="passive"/>
      <node ref="U1" pin="27" pinfunction="GPIO21" pintype="bidirectional"/>
    </net>
    <net code="19" name="/GPIO22">
      <node ref="J5" pin="4" pinfunction="Pin_4" pintype="passive"/>
      <node ref="U1" pin="29" pinfunction="GPIO22" pintype="bidirectional"/>
    </net>
    <net code="20" name="/I2C_SCL">
      <node ref="J5" pin="1" pinfunction="Pin_1" pintype="passive"/>
      <node ref="R2" pin="2" pintype="passive"/>
      <node ref="U1" pin="32" pinfunction="GPIO27_ADC1" pintype="bidirectional"/>
    </net>
    <net code="21" name="/I2C_SDA">
      <node ref="J5" pin="2" pinfunction="Pin_2" pintype="passive"/>
      <node ref="R1" pin="2" pintype="passive"/>
      <node ref="U1" pin="31" pinfunction="GPIO26_ADC0" pintype="bidirectional"/>
    </net>
    <net code="22" name="/UART0_RX">
      <node ref="J4" pin="19" pinfunction="Pin_19" pintype="passive"/>
      <node ref="U1" pin="2" pinfunction="GPIO1" pintype="bidirectional"/>
    </net>
    <net code="23" name="/UART0_TX">
      <node ref="J4" pin="20" pinfunction="Pin_20" pintype="passive"/>
      <node ref="U1" pin="1" pinfunction="GPIO0" pintype="bidirectional"/>
    </net>
    <net code="24" name="/UART1_RX">
      <node ref="J4" pin="14" pinfunction="Pin_14" pintype="passive"/>
      <node ref="U1" pin="7" pinfunction="GPIO5" pintype="bidirectional"/>
    </net>
    <net code="25" name="/UART1_TX">
      <node ref="J4" pin="15" pinfunction="Pin_15" pintype="passive"/>
      <node ref="U1" pin="6" pinfunction="GPIO4" pintype="bidirectional"/>
    </net>
    <net code="26" name="GND">
      <node ref="C3" pin="2" pintype="passive"/>
      <node ref="C4" pin="2" pintype="passive"/>
      <node ref="C5" pin="2" pintype="passive"/>
      <node ref="J1" pin="1" pinfunction="Pin_1" pintype="passive"/>
      <node ref="J5" pin="10" pinfunction="Pin_10" pintype="passive"/>
      <node ref="J5" pin="5" pinfunction="Pin_5" pintype="passive"/>
      <node ref="U1" pin="23" pinfunction="GND" pintype="power_in"/>
      <node ref="U1" pin="28" pinfunction="GND" pintype="power_in"/>
      <node ref="U1" pin="33" pinfunction="AGND" pintype="power_in"/>
      <node ref="U1" pin="38" pinfunction="GND" pintype="bidirectional"/>
      <node ref="U1" pin="42" pinfunction="GND" pintype="power_in"/>
    </net>
    <net code="27" name="GND1">
      <node ref="C1" pin="2" pintype="passive"/>
      <node ref="C2" pin="2" pintype="passive"/>
      <node ref="J2" pin="1" pinfunction="Pin_1" pintype="passive"/>
      <node ref="J3" pin="1" pinfunction="Pin_1" pintype="passive"/>
      <node ref="J4" pin="13" pinfunction="Pin_13" pintype="passive"/>
      <node ref="J4" pin="18" pinfunction="Pin_18" pintype="passive"/>
      <node ref="J4" pin="3" pinfunction="Pin_3" pintype="passive"/>
      <node ref="J4" pin="8" pinfunction="Pin_8" pintype="passive"/>
      <node ref="U1" pin="13" pinfunction="GND" pintype="power_in"/>
      <node ref="U1" pin="18" pinfunction="GND" pintype="power_in"/>
      <node ref="U1" pin="3" pinfunction="GND" pintype="power_in"/>
      <node ref="U1" pin="8" pinfunction="GND" pintype="power_in"/>
    </net>
    <net code="28" name="unconnected-(U1-Pad21)">
      <node ref="U1" pin="21" pinfunction="GPIO16" pintype="bidirectional"/>
    </net>
    <net code="29" name="unconnected-(U1-Pad22)">
      <node ref="U1" pin="22" pinfunction="GPIO17" pintype="bidirectional"/>
    </net>
    <net code="30" name="unconnected-(U1-Pad30)">
      <node ref="U1" pin="30" pinfunction="RUN" pintype="input+no_connect"/>
    </net>
    <net code="31" name="unconnected-(U1-Pad34)">
      <node ref="U1" pin="34" pinfunction="GPIO28_ADC2" pintype="bidirectional+no_connect"/>
    </net>
    <net code="32" name="unconnected-(U1-Pad35)">
      <node ref="U1" pin="35" pinfunction="ADC_VREF" pintype="power_in+no_connect"/>
    </net>
    <net code="33" name="unconnected-(U1-Pad37)">
      <node ref="U1" pin="37" pinfunction="3V3_EN" pintype="input+no_connect"/>
    </net>
    <net code="34" name="unconnected-(U1-Pad40)">
      <node ref="U1" pin="40" pinfunction="VBUS" pintype="power_in+no_connect"/>
    </net>
    <net code="35" name="unconnected-(U1-Pad41)">
      <node ref="U1" pin="41" pinfunction="SWCLK" pintype="input+no_connect"/>
    </net>
    <net code="36" name="unconnected-(U1-Pad43)">
      <node ref="U1" pin="43" pinfunction="SWDIO" pintype="bidirectional+no_connect"/>
    </net>
  </nets>
</export>
