Qnty,Reference(s):,Manuf. Part #,Vendor #,Vendor,Value,Cmp name,Footprint,Part Link:
2,"C1, C2, ",CL32Y476MQVVPNE,187-CL32Y476MQVVPNE,Mouser,47u,C_Small,Capacitor_SMD:C_1210_3225Metric_Pad1.33x2.70mm,https://www.mouser.com/ProductDetail/Samsung-Electro-Mechanics/CL32Y476MQVVPNE?qs=xZ%2FP%252Ba9zWqYnSpCUIHoXtg%3D%3D
3,"C3, C4, C5, ",CL31A106MAHNNNE,187-CL31A106MAHNNNE,Mouser,10u,C_Small,Capacitor_SMD:C_0805_2012Metric_Pad1.18x1.45mm,https://www.mouser.com/ProductDetail/Samsung-Electro-Mechanics/CL31A106MAHNNNE?qs=9y2YoPkPyvYkOWbcUKSn%252BQ%3D%3D
3,"J1, J2, J3, ",,,,Conn_01x02,Conn_01x02,Connector__2.54mm:t_1x02_P2.54mm,
1,"J4, ",PPTC201LFBN-RC,S7018-ND,Digikey,Conn_01x20,Conn_01x20,Connector_PinSocket_2.54mm:PinSocket_1x20_P2.54mm,https://www.digikey.com/en/products/detail/sullins-connector-solutions/PPTC201LFBN-RC/810158
1,"J5, ",PPPC101LFBN-RC,S7043-ND,Digikey,Conn_01x10,Conn_01x10,Connector_PinSocket_2.54mm:PinSocket_1x10_P2.54mm,https://www.digikey.com/en/products/detail/PPPC101LFBN-RC/S7043-ND/810182
2,"R1, R2, ",RMCF0805FT2K00,708-RMCF0805FT2K00,Mouser,2.0k,R_Small_US,Resistor_SMD:R_0805_2012Metric_Pad1.20x1.40mm,https://www.mouser.com/ProductDetail/SEI-Stackpole/RMCF0805FT2K00?qs=FESYatJ8odLz0A5R7b2bfQ%3D%3D
